0,add,node1
0,add,node2
0,add,node3
0,add,node4
0,add,node5
0,add,node6
0,add,node7
0,add,node8
0,add,node9
0,add,node10
0,add,node11
0,add,node12
0,add,node13
0,add,node14
0,add,node15
0,add,node16
2040000,remove,node11
2040000,remove,node3
2580000,add,node17
2580000,add,node18
3060000,remove,node1
3060000,remove,node18
3060000,remove,node2
3180000,remove,node13
3240000,remove,node15
3540000,remove,node4
3540000,remove,node16
3660000,add,node19
3660000,add,node20
3660000,add,node21
3660000,add,node22
3660000,add,node23
3660000,add,node24
3900000,add,node25
4620000,remove,node19
4740000,remove,node10
4800000,add,node26
4860000,add,node27
5100000,remove,node26
5100000,remove,node7
5340000,remove,node24
5400000,add,node28
5760000,add,node29
5820000,add,node30
6300000,remove,node5
7260000,add,node31
8460000,remove,node12
8460000,remove,node29
8460000,remove,node30
8520000,remove,node25
9000000,add,node32
9000000,add,node33
9000000,add,node34
9000000,add,node35
10680000,remove,node8
10680000,remove,node35
10920000,remove,node9
11400000,add,node36
11400000,add,node37
11400000,add,node38
14100000,remove,node14
14100000,remove,node6
14160000,remove,node38
14160000,remove,node22
14220000,remove,node31
14220000,remove,node20
14460000,add,node39
14460000,add,node40
14460000,add,node41
14700000,remove,node23
15360000,add,node42
15360000,add,node43
15720000,add,node44
15900000,remove,node40
16140000,remove,node42
16140000,remove,node44
16620000,add,node45
16620000,add,node46
16620000,add,node47
16680000,add,node48
16980000,remove,node47
16980000,remove,node36
17040000,add,node49
17100000,remove,node43
17640000,add,node50
17640000,add,node51
17940000,remove,node48
18000000,add,node52
18300000,remove,node50
18540000,add,node53
20280000,remove,node52
20280000,remove,node39
20400000,remove,node49
20400000,remove,node17
20520000,remove,node28
20760000,remove,node27
20880000,remove,node51
21060000,add,node54
21060000,add,node55
21120000,add,node56
21240000,remove,node41
21240000,remove,node54
21420000,add,node57
21780000,add,node58
21780000,add,node59
21960000,add,node60
21960000,add,node61
21960000,add,node62
22920000,remove,node32
22920000,remove,node46
23700000,add,node63
23940000,add,node64
24240000,remove,node60
24240000,remove,node56
24360000,remove,node61
24480000,remove,node59
24960000,add,node65
24960000,add,node66
24960000,add,node67
25200000,add,node68
25440000,remove,node21
25860000,add,node69
26940000,remove,node45
26940000,remove,node55
27060000,remove,node68
28020000,remove,node53
28140000,remove,node63
28140000,remove,node37
29340000,add,node70
29340000,add,node71
29460000,add,node72
29520000,add,node73
29700000,add,node74
29760000,add,node75
30000000,remove,node75
30000000,remove,node58
30120000,remove,node70
30240000,remove,node67
30360000,remove,node73
30360000,remove,node74
30660000,add,node76
30720000,add,node77
30840000,remove,node33
30900000,add,node78
31140000,add,node79
31260000,add,node80
31260000,add,node81
31260000,add,node82
31620000,remove,node66
31620000,remove,node57
31620000,remove,node71
32220000,add,node83
32220000,add,node84
32580000,add,node85
32700000,remove,node65
32700000,remove,node85
32820000,remove,node62
32940000,remove,node34
33540000,add,node86
33720000,add,node87
33780000,add,node88
33780000,add,node89
35100000,remove,node77
35220000,remove,node86
35460000,remove,node83
35640000,add,node90
35700000,add,node91
36420000,remove,node81
36420000,remove,node82
39960000,remove,node87
40800000,remove,node90
40920000,remove,node88
